{
  "1": {
    "x": -177.14209155964434,
    "y": -389.004131152533,
    "z": 181.72199369001012,
    "rx": -179.16553255068487,
    "ry": 0.2754441536677665,
    "rz": 159.54744145749922
  },
  "2": {
    "x": 178.58525349615496,
    "y": -389.4470516109241,
    "z": 183.81341831143894,
    "rx": -178.97311814994737,
    "ry": 0.3872620757757194,
    "rz": -151.46855263034521
  },
  "3": {
    "x": 175.29655917595394,
    "y": -552.8815573338379,
    "z": 191.05493072279273,
    "rx": 178.25567802382287,
    "ry": 0.06899602062621715,
    "rz": -151.60472144325428
  },
  "4": {
    "x": -173.68861878288857,
    "y": -554.8779668166214,
    "z": 191.06095453392075,
    "rx": 178.2561180650091,
    "ry": 0.06847982961981713,
    "rz": -151.60109773269647
  },
  "5": {
    "x": -175.6931921633968,
    "y": -354.88260125708547,
    "z": 189.09293100633562,
    "rx": 178.26074669771057,
    "ry": 0.06619823604440866,
    "rz": -151.60238980302557
  },
  "6": {
    "x": -175.70033077463432,
    "y": -195.9740512208741,
    "z": 189.0955431228634,
    "rx": 178.26187864818064,
    "ry": 0.06510151439541981,
    "rz": -151.60317412165838
  },
  "7": {
    "x": 184.300516019573,
    "y": -195.9740052194015,
    "z": 189.0960537755513,
    "rx": 178.26193731675855,
    "ry": 0.06520067503059586,
    "rz": -151.60320203075796
  },
  "8": {
    "x": 182.6261803265575,
    "y": -352.99435113061634,
    "z": 189.14091544087785,
    "rx": 178.2689417640162,
    "ry": 0.06866007298214506,
    "rz": -151.60275247026138
  }
}